{
    "prefs": {
        "file_type": "The file format used to transfer data to and from Rizom",
        "rizom_path": "Path to the executable used to run RizomUV. It MUST point to a .exe file, not just a directory",
        "export_actions": "Export selected objects to RizomUV and perform the selected action",
        "remote_actions": "Send commands to Rizom, performing actions on the loaded meshes",
        "exclude_clones": "Do not export instanced objects. If an object has instances, only a single copy will be exported",
        "mark_seams": "Mark all UV island boundaries as seams upon import to Blender",
        "mark_sharp": "Mark all UV island boundaries as sharp upon import to Blender",
        "reveal_hidden": "Reveal any hidden objects or collections if they receive UV data from RizomUV",
        "confirm_export": "Prompt user for confirmation before exporting to avoid accidental overwrites",
        "category_name": "The name of the tab that the addon appears under on the toolbar. You can use this to stack the RizomUV Bridge with other addons if you wish",
        "replace_objects": "Replaces the original objects completely rather than just transferring the UV data. You do not need to use this unless something is not working with the join UV operator. \nThis will destroy any modifiers on your objects",
        "apply_settings_export": "Override the settings in RizomUV with those set in the RizomUV Settings panel when you export a file",
        "apply_settings_action": "Override the settings in RizomUV with those set in the RizomUV Settings panel when you execute an action",
        "delete_uvmaps": "Delete UV maps on the target objects that are not present on the imported objects.\nThis is useful for when you rename or create new UV Maps in Rizom and no longer need the old UV channels in the Blender scene",
        "triangulate": "Triangulate meshes before exporting",
        "apply_modifiers": "Apply all modifiers before exporting the meshes",
        "fix_names": "If object name contains periods, replace with underscores.\nThis is necessary due to RizomUV not accepting periods when importing as obj"
    },
    "actions": {
        "EXPORT": "Export the selected meshes with their current UV maps intact",
        "RESET_UVS": "Reset the UV maps(s) so that all seams are welded",
        "AUTOSEAMS_SHARP_EDGES": "Quickly create UV maps using the sharp edges autoseams algorithm",
        "AUTOSEAMS_MOSAIC": "Quickly create UV maps using the mosaic autoseams algorithm",
        "AUTOSEAMS_PELT": "Quickly create UV maps using the pelt autoseams algorithm",
        "AUTOSEAMS_BOX": "Quickly create UV maps using the box autoseams algorithm",
        "OFFSET_GROUPS": "Offset stacked islands in selected RizomUV groups, see documentation for more information"
    },
    "action_settings": {
        "weld_before_autoseams": "Weld all edges resetting the UV map before executing the autoseams action",
        "apply_to_all_uvmaps_export": "Apply selected action to all UV maps",
        "apply_to_all_uvmaps_action": "Apply selected action to all UV maps",
        "stretch_quality": "Higher values give less stretching but more cuts",
        "link_gaps": "Cut the links between gaps",
        "open_cylinders": "Cut all cylinders and extruded shape caps and one caps link",
        "cut_handles": "Cut handles",
        "sharp_angle": "Edges that have their polygon normals forming an angle superior to this value will be selected",
        "mosaic_force": "High values will segment more, so the islands will be unfolded with less distortion.\nLow values will segment less, but the cut will generate more distortion",
        "group_offset_value": "UV offset value",
        "pelt_branch": "Hierarchical segmentation will cut the branches sections",
        "pelt_leaf": "Hierarchical segmentation will cut the leafs sections",
        "pelt_trunk": "Hierarchical segmentation will cut the trunks sections"
    },
    "rizom_prefs": {
        "map_res": "The horizontal resolution of the texture map. This value affects the margin/padding values as well",
        "margin": "The empty space left on the UV tiles edge",
        "padding": "The padding between the shells",
        "td_unit": "Target texel density",
        "td_target": "Texel density display unit",
        "prevent_flips": "Avoid the creation of triangle flips",
        "prevent_overlaps": "Avoid the creation of self-border intersections",
        "accuracy": "Packing algorithm accuracy, higher values will lead to better packs and longer computation times",
        "iterations": "Number of trial iterations to find the best pack",
        "orientation": "Pre-orient islands before packing",
        "step_angle": "Angle step for finding the best orientation during packing"
    },
    "props": {
        "panel_tabs": "Click to switch between the different UI tabs",
        "uv_maps": "This is the UV Map that will be made active in Rizom upon loading in.\nIf you choose to export as OBJ this is the UV map that will be exported.\nIt is also the target UV map of any actions that you run"
    },
    "file_formats": {
        ".obj": "Wavefront OBJ format, only supports the export of a single UV channel. You can still import multiple UV channels but need to do it one by one.\nThis is *much* faster and more stable than the FBX exporter, highly recommended unless you need to export multiple UV channels",
        ".fbx": "Autodesk FBX format, Supports multiple UV channels. Can be very slow if working with heavy meshes"
    }
}
