{
  "label":"Cycles/Eevee Projection Box",
  "rndr": "cycles",
  "inputs":{
    "disp_midlevel":{"id":"disp_midlevel", "label":"Displacement Midlevel","type":"float_slider", "default":0.5, "min":0, "max":1},
    "disp_scale":{"id":"disp_scale", "label":"Displacement Scale","type":"float_maxmin", "default":0.1, "min":0, "max":1000},
    "emissive_intensity":{"id":"emissive_intensity", "label":"Emissive Intensity","type":"float_maxmin", "default":2.0, "min":0, "max":9999},
    "projection_blend":{"id":"projection_blend", "label":"Projection Blend","type":"float_slider", "default":0.5, "min":0, "max":1},
    "ao_mix":{"id":"ao_mix", "label":"AO Mix","type":"float_slider", "default":0.5, "min":0, "max":1}
  },
  "default_output":{
    "enabled":false,
    "colorspace":"Non-Color",
    "format":"PNG",
    "bitdepth":"8",
    "node_type":"ShaderNodeTexImage"
  },
  "outputs":{
    "baseColor":{"id":"baseColor", "label":"Base Color", "enabled":true, "optional":false, "colorspace":"sRGB", "format":"TGA", "bitdepth":"8", "node_type":"ShaderNodeTexImage"},
    "metallic":{"id":"metallic", "label":"Metallic", "enabled":true, "optional":false, "colorspace":"Non-Color", "format":"TGA", "bitdepth":"8", "node_type":"ShaderNodeTexImage"},
    "roughness":{"id":"roughness", "label":"Roughness", "enabled":true, "optional":false, "colorspace":"Non-Color", "format":"TGA", "bitdepth":"8", "node_type":"ShaderNodeTexImage"},
    "normal":{"id":"normal", "label":"Normal", "enabled":true, "optional":false, "colorspace":"Non-Color", "format":"PNG", "bitdepth":"16", "node_type":"ShaderNodeTexImage"},
    "height":{"id":"height", "label":"Height", "enabled":false, "optional":true, "colorspace":"Non-Color", "format":"PNG", "bitdepth":"16", "node_type":"ShaderNodeTexImage"},
    "emissive":{"id":"emissive", "label":"Emissive Color", "enabled":false, "optional":true, "colorspace":"sRGB", "format":"TGA", "bitdepth":"8", "node_type":"ShaderNodeTexImage"},
    "opacity":{"id":"opacity", "label":"Opacity", "enabled":false, "optional":true, "colorspace":"Non-Color", "format":"TGA", "bitdepth":"8", "node_type":"ShaderNodeTexImage"},
    "ambientOcclusion":{"id":"ambientOcclusion", "label":"Ambient Occlusion", "enabled":false, "optional":true, "colorspace":"sRGB", "format":"TGA", "bitdepth":"8", "node_type":"ShaderNodeTexImage"},
    "anisotropyLevel":{"id":"anisotropyLevel", "label":"Anisotropy Level", "enabled":false, "optional":true, "colorspace":"Non-Color", "format":"TGA", "bitdepth":"8", "node_type":"ShaderNodeTexImage"},
    "anisotropyAngle":{"id":"anisotropyAngle", "label":"Anisotropy Angle", "enabled":false, "optional":true, "colorspace":"Non-Color", "format":"PNG", "bitdepth":"16", "node_type":"ShaderNodeTexImage"},
    "IOR":{"id":"IOR", "label":"IOR", "enabled":false, "optional":true, "colorspace":"Non-Color", "format":"TGA", "bitdepth":"8", "node_type":"ShaderNodeTexImage"},
    "specularColor":{"id":"specularColor", "label":"Specular Color", "enabled":false, "optional":true, "colorspace":"sRGB", "format":"TGA", "bitdepth":"8", "node_type":"ShaderNodeTexImage"},
    "scattering":{"id":"scattering", "label":"Scattering", "enabled":false, "optional":true, "colorspace":"Non-Color", "format":"TGA", "bitdepth":"8", "node_type":"ShaderNodeTexImage"},
    "scatteringColor":{"id":"scatteringColor", "label":"Scattering Color", "enabled":false, "optional":true, "colorspace":"sRGB", "format":"TGA", "bitdepth":"8", "node_type":"ShaderNodeTexImage"},
    "coatWeight":{"id":"coatWeight", "label":"Coat Weight", "enabled":false, "optional":true, "colorspace":"Non-Color", "format":"TGA", "bitdepth":"8", "node_type":"ShaderNodeTexImage"},
    "coatRoughness":{"id":"coatRoughness", "label":"Coat Roughness", "enabled":false, "optional":true, "colorspace":"Non-Color", "format":"TGA", "bitdepth":"8", "node_type":"ShaderNodeTexImage"},
    "coatNormal":{"id":"coatNormal", "label":"Coat Normal", "enabled":false, "optional":true, "colorspace":"Non-Color", "format":"PNG", "bitdepth":"16", "node_type":"ShaderNodeTexImage"}
  },
  "nodes":[
    {"id":"OUT", "type":"ShaderNodeOutputMaterial", "name":"Output", "location":[400,0]},
    {"id":"MAT", "type":"ShaderNodeBsdfPrincipled", "name":"Material", "location":[0,0]},
    {"id":"tx_coord", "type":"ShaderNodeTexCoord", "name":"Tx Coords", "location":[-1300,0]},
    {"id":"mapping", "type":"ShaderNodeMapping", "name":"Mapping", "location":[-1000,0]},
    {"id":"mapping_frame", "type":"NodeFrame", "name":"Mapping Frame", "label":"Mapping", "children":["tx_coord", "mapping"]},
    {"id":"displacement", "type":"ShaderNodeDisplacement", "name":"Displacement", "location":[0,-700], "dependency":["sbsar_height"]},
    {"id":"ao_mix", "type":"ShaderNodeMixRGB", "name":"AO Mix", "location":[-300,0], "dependency":["sbsar_ambientOcclusion", "sbsar_baseColor"]},
    {"id":"normal_normal", "type":"ShaderNodeNormalMap", "name":"Normal", "location":[-300,-300], "dependency":["sbsar_normal"]},
    {"id":"normal_coatNormal", "type":"ShaderNodeNormalMap", "name":"Coat Normal", "location":[-300,-500], "dependency":["sbsar_coatNormal"]},
    {"id":"sbsar_frame", "type":"NodeFrame", "name":"SBSAR_Frame", "label":"SBSAR", "children":[]}
  ],
  "properties":[
    {"id":"MAT", "type":"string", "name":"distribution", "value":"GGX"},
    {"id":"mapping", "type":"tiling", "input":3, "name":"default_value"},
    {"id":"ao_mix", "type":"string", "name":"blend_type", "value":"MULTIPLY"},
    {"id":"ao_mix", "type":"ao_mix", "input":0, "name":"default_value"},
    {"id":"MAT", "type":"emissive_intensity", "input":27, "name":"default_value"},
    {"id":"displacement", "type":"disp_midlevel", "input":1, "name":"default_value"},
    {"id":"displacement", "type":"disp_scale", "input":2, "name":"default_value"},
    {"id":"sbsar_tx_", "type":"string", "name":"projection", "value":"BOX"},
    {"id":"sbsar_tx_", "type":"projection_blend", "name":"projection_blend"}
  ],
  "links":[
    {"from":"tx_coord", "to":"mapping", "output":"Generated", "input":"Vector"},
    {"from":"mapping", "to":"sbsar_tx_", "output":"Vector", "input":"Vector"},
    {"from":"sbsar_baseColor", "to":"MAT", "output":"Color", "input":"Base Color"},
    {"from":"sbsar_metallic", "to":"MAT", "output":"Color", "input":"Metallic"},
    {"from":"sbsar_roughness", "to":"MAT", "output":"Color", "input":"Roughness"},
    {"from":"sbsar_normal", "to":"normal_normal", "output":"Color", "input":"Color"},
    {"from":"normal_normal", "to":"MAT", "output":"Normal", "input":"Normal"},
    {"from":"sbsar_height", "to":"displacement", "output":"Color", "input":"Height"},
    {"from":"displacement", "to":"OUT", "output":"Displacement", "input":"Displacement"},
    {"from":"sbsar_emissive", "to":"MAT", "output":"Color", "input":"Emission Color"},
    {"from":"sbsar_opacity", "to":"MAT", "output":"Color", "input":"Alpha"},
    {"from":"sbsar_baseColor", "to":"ao_mix", "output":"Color", "input":"Color1"},
    {"from":"sbsar_ambientOcclusion", "to":"ao_mix", "output":"Color", "input":"Color2"},
    {"from":"ao_mix", "to":"MAT", "output":"Color", "input":"Base Color", "force":true},
    {"from":"sbsar_anisotropyLevel", "to":"MAT", "output":"Color", "input":"Anisotropic"},
    {"from":"sbsar_anisotropyAngle", "to":"MAT", "output":"Color", "input":"Anisotropic Rotation"},
    {"from":"sbsar_IOR", "to":"MAT", "output":"Color", "input":"IOR"},
    {"from":"sbsar_specularColor", "to":"MAT", "output":"Color", "input":"Specular Tint"},
    {"from":"sbsar_scattering", "to":"MAT", "output":"Color", "input":"Subsurface"},
    {"from":"sbsar_scatteringColor", "to":"MAT", "output":"Color", "input":"Subsurface Color"},
    {"from":"sbsar_coatWeight", "to":"MAT", "output":"Color", "input":"Clearcoat"},
    {"from":"sbsar_coatRoughness", "to":"MAT", "output":"Color", "input":"Clearcoat Roughness"},
    {"from":"sbsar_coatNormal", "to":"normal_coatNormal", "output":"Color", "input":"Color"},
    {"from":"normal_coatNormal", "to":"MAT", "output":"Normal", "input":"Clearcoat Normal"},
    {"from":"MAT", "to":"OUT", "output":"BSDF", "input":"Surface"}
  ]
}
