{
  "label":"Octane Translucency",
  "rndr": "octane",
  "inputs":{
    "disp_midlevel":{"id":"disp_midlevel", "label":"Displacement Midlevel","type":"float_slider", "default":0.5, "min":0, "max":1},
    "disp_scale":{"id":"disp_scale", "label":"Displacement Scale","type":"float_maxmin", "default":0.01, "min":0, "max":1000}
  },
  "default_output":{
    "enabled":false,
    "colorspace":"Non-Color",
    "format":"PNG",
    "bitdepth":"8",
    "node_type":"OctaneRGBImage"
  },
  "outputs":{
    "translucency":{"id":"translucency", "label":"Translucency", "enabled":true, "optional":false, "colorspace":"Non-Color", "format":"TGA", "bitdepth":"8", "node_type":"OctaneRGBImage", "gamma":1.0},
    "roughness":{"id":"roughness", "label":"Roughness", "enabled":true, "optional":false, "colorspace":"Non-Color", "format":"TGA", "bitdepth":"8", "node_type":"OctaneGreyscaleImage", "gamma":1.0},
    "normal":{"id":"normal", "label":"Normal", "enabled":true, "optional":false, "colorspace":"Non-Color", "format":"PNG", "bitdepth":"16", "node_type":"OctaneRGBImage", "gamma":1.0},
    "height":{"id":"height", "label":"Height", "enabled":false, "optional":true, "colorspace":"Non-Color", "format":"PNG", "bitdepth":"16", "node_type":"OctaneGreyscaleImage", "gamma":1.0},
    "opacity":{"id":"opacity", "label":"Opacity", "enabled":false, "optional":true, "colorspace":"Non-Color", "format":"TGA", "bitdepth":"8", "node_type":"OctaneGreyscaleImage", "gamma":1.0}
  },
  "nodes":[
    {"id":"OUT", "type":"ShaderNodeOutputMaterial", "name":"Output", "location":[400,0]},
    {"id":"MAT", "type":"OctaneSpecularMaterial", "name":"Material", "location":[0,0]},
    {"id":"transform", "type":"Octane3DTransformation", "name":"Mapping", "location":[-1000,0]},
    {"id":"transform_frame", "type":"NodeFrame", "name":"Mapping Frame", "label":"Mapping", "children":["transform"]},
    {"id":"displacement", "type":"OctaneTextureDisplacement", "name":"Displacement", "location":[0,-1000], "dependency":["sbsar_height"]},
    {"id":"sbsar_frame", "type":"NodeFrame", "name":"SBSAR_Frame", "label":"SBSAR", "children":[]},
    {"id":"absorption", "type":"OctaneAbsorption", "name":"Absorption", "location":[-1000,300]}

  ],
  "properties":[
    {"id":"MAT", "type":"string", "input":11, "name":"default_value", "value":"GGX"},
    {"id":"transform", "type":"tiling", "input":2, "name":"default_value"},
    {"id":"displacement", "type":"disp_midlevel", "input":1, "name":"default_value"},
    {"id":"displacement", "type":"disp_scale", "input":3, "name":"default_value"},
    {"id":"absorption", "type":"float3", "input":7, "name":"default_value", "value":[1.0, 1.0 ,1.0]}
  ],
  "links":[
    {"from":"transform", "to":"sbsar_tx_", "output":"Transform out", "input":"UV transform"},
    {"from":"sbsar_translucency", "to":"MAT", "output":"Texture out", "input":"Transmission"},
    {"from":"sbsar_roughness", "to":"MAT", "output":"Texture out", "input":"Roughness"},
    {"from":"sbsar_normal", "to":"MAT", "output":"Texture out", "input":"Normal"},
    {"from":"sbsar_opacity", "to":"MAT", "output":"Texture out", "input":"Opacity"},
    {"from":"sbsar_height", "to":"displacement", "output":"Texture out", "input":"Texture"},
    {"from":"displacement", "to":"MAT", "output":"Displacement out", "input":"Displacement"},
    {"from":"absorption", "to":"MAT", "output":"Medium out", "input":"Medium"},
    {"from":"MAT", "to":"OUT", "output":"Material out", "input":"Surface"}
  ]
}
