{
  "label":"Octane Projection Tube",
  "rndr": "octane",
  "inputs":{
    "disp_midlevel":{"id":"disp_midlevel", "label":"Displacement Midlevel","type":"float_slider", "default":0.5, "min":0, "max":1},
    "disp_scale":{"id":"disp_scale", "label":"Displacement Scale","type":"float_maxmin", "default":0.1, "min":0, "max":1000},
    "emissive_intensity":{"id":"emissive_intensity", "label":"Emissive Intensity","type":"float_maxmin", "default":100.0, "min":0, "max":9999},
    "ao_mix":{"id":"ao_mix", "label":"AO Mix","type":"float_slider", "default":0.5, "min":0, "max":1}
  },
  "default_output":{
    "enabled":false,
    "colorspace":"Non-Color",
    "format":"PNG",
    "bitdepth":"8",
    "node_type":"OctaneRGBImage"
  },
  "outputs":{
    "baseColor":{"id":"baseColor", "label":"Base Color", "enabled":true, "optional":false, "colorspace":"sRGB", "format":"TGA", "bitdepth":"8", "node_type":"OctaneRGBImage", "gamma":2.2},
    "metallic":{"id":"metallic", "label":"Metallic", "enabled":true, "optional":false, "colorspace":"Non-Color", "format":"TGA", "bitdepth":"8", "node_type":"OctaneGreyscaleImage", "gamma":1.0},
    "roughness":{"id":"roughness", "label":"Roughness", "enabled":true, "optional":false, "colorspace":"Non-Color", "format":"TGA", "bitdepth":"8", "node_type":"OctaneGreyscaleImage", "gamma":1.0},
    "normal":{"id":"normal", "label":"Normal", "enabled":true, "optional":false, "colorspace":"Non-Color", "format":"PNG", "bitdepth":"16", "node_type":"OctaneRGBImage", "gamma":1.0},
    "height":{"id":"height", "label":"Height", "enabled":false, "optional":true, "colorspace":"Non-Color", "format":"PNG", "bitdepth":"16", "node_type":"OctaneGreyscaleImage", "gamma":1.0},
    "emissive":{"id":"emissive", "label":"Emissive Color", "enabled":false, "optional":true, "colorspace":"sRGB", "format":"TGA", "bitdepth":"8" , "node_type":"OctaneRGBImage", "gamma":2.2},
    "opacity":{"id":"opacity", "label":"Opacity", "enabled":false, "optional":true, "colorspace":"Non-Color", "format":"TGA", "bitdepth":"8", "node_type":"OctaneGreyscaleImage", "gamma":1.0},
    "ambientOcclusion":{"id":"ambientOcclusion", "label":"Ambient Occlusion", "enabled":false, "optional":true, "colorspace":"sRGB", "format":"TGA", "bitdepth":"8" , "node_type":"OctaneRGBImage", "gamma":2.2}
  },
  "nodes":[
    {"id":"OUT", "type":"ShaderNodeOutputMaterial", "name":"Output", "location":[400,0]},
    {"id":"MAT", "type":"OctaneUniversalMaterial", "name":"Material", "location":[0,0]},
    {"id":"transform", "type":"Octane3DTransformation", "name":"Mapping", "location":[-1000,0]},
    {"id":"projection", "type":"OctaneCylindrical", "name":"ProjectionTube", "location":[-1000,-400]},
    {"id":"transform_frame", "type":"NodeFrame", "name":"Mapping Frame", "label":"Mapping", "children":["transform", "projection"]},
    {"id":"emission", "type":"OctaneTextureEmission", "name":"Emission", "location":[0,-700], "dependency":["sbsar_emissive"]},
    {"id":"displacement", "type":"OctaneTextureDisplacement", "name":"Displacement", "location":[0,-1000], "dependency":["sbsar_height"]},
    {"id":"ao_mix", "type":"OctaneMultiplyTexture", "name":"AO Mix", "location":[-300,0], "dependency":["sbsar_ambientOcclusion", "sbsar_baseColor"]},
    {"id":"sbsar_frame", "type":"NodeFrame", "name":"SBSAR_Frame", "label":"SBSAR", "children":[]}
  ],
  "properties":[
    {"id":"MAT", "type":"string", "input":11, "name":"default_value", "value":"GGX"},
    {"id":"transform", "type":"tiling", "input":2, "name":"default_value"},
    {"id":"ao_mix", "type":"string", "name":"blend_type", "value":"MULTIPLY"},
    {"id":"ao_mix", "type":"ao_mix", "input":0, "name":"default_value"},
    {"id":"emission", "type":"emissive_intensity", "input":1, "name":"default_value"},
    {"id":"displacement", "type":"disp_midlevel", "input":1, "name":"default_value"},
    {"id":"displacement", "type":"disp_scale", "input":3, "name":"default_value"}
  ],
  "links":[
    {"from":"transform", "to":"sbsar_tx_", "output":"Transform out", "input":"UV transform"},
    {"from":"projection", "to":"sbsar_tx_", "output":"Projection out", "input":"Projection"},
    {"from":"sbsar_baseColor", "to":"MAT", "output":"Texture out", "input":"Albedo"},
    {"from":"sbsar_metallic", "to":"MAT", "output":"Texture out", "input":"Metallic"},
    {"from":"sbsar_roughness", "to":"MAT", "output":"Texture out", "input":"Roughness"},
    {"from":"sbsar_normal", "to":"MAT", "output":"Texture out", "input":"Normal"},
    {"from":"sbsar_opacity", "to":"MAT", "output":"Texture out", "input":"Opacity"},
    {"from":"sbsar_emissive", "to":"emission", "output":"Texture out", "input":"Texture"},
    {"from":"emission", "to":"MAT", "output":"Emission out", "input":"Emission"},
    {"from":"sbsar_height", "to":"displacement", "output":"Texture out", "input":"Texture"},
    {"from":"displacement", "to":"MAT", "output":"Displacement out", "input":"Displacement"},
    {"from":"sbsar_baseColor", "to":"ao_mix", "output":"Texture out", "input":"Texture 1"},
    {"from":"sbsar_ambientOcclusion", "to":"ao_mix", "output":"Texture out", "input":"Texture 2"},
    {"from":"ao_mix", "to":"MAT", "output":"Texture out", "input":"Albedo", "force":true},
    {"from":"MAT", "to":"OUT", "output":"Material out", "input":"Surface"}
  ]
}
