{
  "label":"Redshift Standard",
  "rndr": "redshift",
  "inputs":{
    "disp_scale":{"id":"disp_scale", "label":"Displacement Scale","type":"float_maxmin", "default":0.1, "min":0, "max":1000},
    "emissive_intensity":{"id":"emissive_intensity", "label":"Emissive Intensity","type":"float_maxmin", "default":2.0, "min":0, "max":9999}
  },
  "default_output":{
    "enabled":false,
    "colorspace":"Non-Color",
    "format":"PNG",
    "bitdepth":"8",
    "node_type":"rsTextureSamplerShaderNode"
  },
  "outputs":{
    "baseColor":{"id":"baseColor", "label":"Base Color", "enabled":true, "optional":false, "colorspace":"sRGB", "format":"TGA", "bitdepth":"8", "node_type":"rsTextureSamplerShaderNode", "gamma":1.0},
    "metallic":{"id":"metallic", "label":"Metallic", "enabled":true, "optional":false, "colorspace":"Non-Color", "format":"TGA", "bitdepth":"8", "node_type":"rsTextureSamplerShaderNode", "gamma":1.0},
    "roughness":{"id":"roughness", "label":"Roughness", "enabled":true, "optional":false, "colorspace":"Non-Color", "format":"TGA", "bitdepth":"8", "node_type":"rsTextureSamplerShaderNode", "gamma":1.0},
    "normal":{"id":"normal", "label":"Normal", "enabled":true, "optional":false, "colorspace":"Non-Color", "format":"PNG", "bitdepth":"16", "node_type":"rsTextureSamplerShaderNode", "gamma":1.0},
    "height":{"id":"height", "label":"Height", "enabled":false, "optional":true, "colorspace":"Non-Color", "format":"PNG", "bitdepth":"16", "node_type":"rsTextureSamplerShaderNode", "gamma":1.0},
    "emissive":{"id":"emissive", "label":"Emissive Color", "enabled":false, "optional":true, "colorspace":"sRGB", "format":"TGA", "bitdepth":"8", "node_type":"rsTextureSamplerShaderNode", "gamma":1.0},
    "opacity":{"id":"opacity", "label":"Opacity", "enabled":false, "optional":true, "colorspace":"Non-Color", "format":"TGA", "bitdepth":"8", "node_type":"rsTextureSamplerShaderNode", "gamma":1.0},
    "ambientOcclusion":{"id":"ambientOcclusion", "label":"Ambient Occlusion", "enabled":false, "optional":true, "colorspace":"sRGB", "format":"TGA", "bitdepth":"8", "node_type":"rsTextureSamplerShaderNode", "gamma":1.0},
    "anisotropyLevel":{"id":"anisotropyLevel", "label":"Anisotropy Level", "enabled":false, "optional":true, "colorspace":"Non-Color", "format":"TGA", "bitdepth":"8", "node_type":"rsTextureSamplerShaderNode", "gamma":1.0},
    "anisotropyAngle":{"id":"anisotropyAngle", "label":"Anisotropy Angle", "enabled":false, "optional":true, "colorspace":"Non-Color", "format":"PNG", "bitdepth":"16", "node_type":"rsTextureSamplerShaderNode", "gamma":1.0},
    "scattering":{"id":"scattering", "label":"Scattering", "enabled":false, "optional":true, "colorspace":"Non-Color", "format":"TGA", "bitdepth":"8", "node_type":"rsTextureSamplerShaderNode", "gamma":1.0},
    "scatteringColor":{"id":"scatteringColor", "label":"Scattering Color", "enabled":false, "optional":true, "colorspace":"sRGB", "format":"TGA", "bitdepth":"8", "node_type":"rsTextureSamplerShaderNode", "gamma":1.0},
    "coatWeight":{"id":"coatWeight", "label":"Coat Weight", "enabled":false, "optional":true, "colorspace":"Non-Color", "format":"TGA", "bitdepth":"8", "node_type":"rsTextureSamplerShaderNode", "gamma":1.0},
    "coatRoughness":{"id":"coatRoughness", "label":"Coat Roughness", "enabled":false, "optional":true, "colorspace":"Non-Color", "format":"TGA", "bitdepth":"8", "node_type":"rsTextureSamplerShaderNode", "gamma":1.0},
    "coatNormal":{"id":"coatNormal", "label":"Coat Normal", "enabled":false, "optional":true, "colorspace":"Non-Color", "format":"PNG", "bitdepth":"16", "node_type":"rsTextureSamplerShaderNode", "gamma":1.0}
  },
  "nodes":[
    {"id":"OUT", "type":"RedshiftMaterialOutputNode", "name":"Output", "location":[400,0]},
    {"id":"MAT", "type":"rsStandardMaterialShaderNode", "name":"Material", "location":[0,0]},
    {"id":"mapping", "type":"rsRSVectorMakerShaderNode", "name":"Mapping", "location":[-1000,0]},
    {"id":"mapping_frame", "type":"NodeFrame", "name":"Mapping Frame", "label":"Mapping", "children":["tx_coord", "mapping"]},
    {"id":"displacement", "type":"rsDisplacementShaderNode", "name":"Displacement", "location":[0,-700], "dependency":["sbsar_height"]},
    {"id":"ao_mix", "type":"rsRSMathMulVectorShaderNode", "name":"AO Mix", "location":[-300,0], "dependency":["sbsar_ambientOcclusion", "sbsar_baseColor"]},
    {"id":"normal_normal", "type":"rsBumpMapShaderNode", "name":"Normal", "location":[-300,-300], "dependency":["sbsar_normal"]},
    {"id":"normal_coatNormal", "type":"rsBumpMapShaderNode", "name":"Coat Normal", "location":[-300,-500], "dependency":["sbsar_coatNormal"]},
    {"id":"sbsar_frame", "type":"NodeFrame", "name":"SBSAR_Frame", "label":"SBSAR", "children":[]}
  ],
  "properties":[
    {"id":"MAT", "type":"bool", "input":0, "name":"default_value", "value":false},
    {"id":"mapping", "type":"tiling", "input":0, "name":"default_value"},
    {"id":"mapping", "type":"tiling", "input":1, "name":"default_value"},
    {"id":"mapping", "type":"tiling", "input":2, "name":"default_value"},
    {"id":"normal_normal", "type":"string", "input":2, "name":"default_value", "value":"1"},
    {"id":"normal_coatNormal", "type":"string", "input":2, "name":"default_value", "value":"1"},
    {"id":"MAT", "type":"emissive_intensity", "input":53, "name":"default_value"},
    {"id":"displacement", "type":"disp_scale", "input":2, "name":"default_value"}
  ],
  "links":[
    {"from":"mapping", "to":"sbsar_tx_", "output":"out", "input":"Scale"},
    {"from":"sbsar_baseColor", "to":"MAT", "output":"outColor", "input":"base_color"},
    {"from":"sbsar_metallic", "to":"MAT", "output":"outColor", "input":"metalness"},
    {"from":"sbsar_roughness", "to":"MAT", "output":"outColor", "input":"refl_roughness"},
    {"from":"sbsar_normal", "to":"normal_normal", "output":"outColor", "input":"input"},
    {"from":"normal_normal", "to":"MAT", "output":"out", "input":"bump_input"},
    {"from":"sbsar_height", "to":"displacement", "output":"outColor", "input":"texMap"},
    {"from":"displacement", "to":"OUT", "output":"out", "input":"Displacement"},
    {"from":"sbsar_emissive", "to":"MAT", "output":"outColor", "input":"emission_color"},
    {"from":"sbsar_opacity", "to":"MAT", "output":"outColor", "input":"opacity_color"},
    {"from":"sbsar_baseColor", "to":"ao_mix", "output":"outColor", "input":"input1"},
    {"from":"sbsar_ambientOcclusion", "to":"ao_mix", "output":"outColor", "input":"input2"},
    {"from":"ao_mix", "to":"MAT", "output":"out", "input":"base_color", "force":true},
    {"from":"sbsar_anisotropyLevel", "to":"MAT", "output":"outColor", "input":"refl_aniso"},
    {"from":"sbsar_anisotropyAngle", "to":"MAT", "output":"outColor", "input":"refl_aniso_rotation"},
    {"from":"sbsar_scattering", "to":"MAT", "output":"outColor", "input":"ms_amount"},
    {"from":"sbsar_scatteringColor", "to":"MAT", "output":"outColor", "input":"ms_color"},
    {"from":"sbsar_coatWeight", "to":"MAT", "output":"outColor", "input":"coat_weight"},
    {"from":"sbsar_coatRoughness", "to":"MAT", "output":"outColor", "input":"coat_roughness"},
    {"from":"sbsar_coatNormal", "to":"normal_coatNormal", "output":"outColor", "input":"input"},
    {"from":"normal_coatNormal", "to":"MAT", "output":"out", "input":"coat_bump_input"},
    {"from":"MAT", "to":"OUT", "output":"outColor", "input":"Surface"}
  ]
}
