{
  "label":"Renderman Standard",
  "rndr": "renderman",
  "inputs":{
    "disp_scale":{"id":"disp_scale", "label":"Displacement Scale","type":"float_maxmin", "default":0.1, "min":0, "max":1000},
    "emissive_intensity":{"id":"emissive_intensity", "label":"Emissive Intensity","type":"float_maxmin", "default":2.0, "min":0, "max":9999}
  },
  "default_output":{
    "enabled":false,
    "colorspace":"data",
    "format":"PNG",
    "bitdepth":"8",
    "node_type":"PxrTexturePatternNode"
  },
  "outputs":{
    "baseColor":{"id":"baseColor", "label":"Base Color", "enabled":true, "optional":false, "colorspace":"srgb_texture", "format":"PNG", "bitdepth":"8", "node_type":"PxrTexturePatternNode"},
    "metallic":{"id":"metallic", "label":"Metallic", "enabled":true, "optional":false, "colorspace":"data", "format":"PNG", "bitdepth":"8", "node_type":"PxrTexturePatternNode"},
    "roughness":{"id":"roughness", "label":"Roughness", "enabled":true, "optional":false, "colorspace":"data", "format":"PNG", "bitdepth":"8", "node_type":"PxrTexturePatternNode"},
    "normal":{"id":"normal", "label":"Normal", "enabled":true, "optional":false, "colorspace":"data", "format":"PNG", "bitdepth":"16", "node_type":"PxrNormalMapPatternNode"}
  },
  "nodes":[
    {"id":"OUT", "type":"RendermanOutputNode", "name":"Output", "location":[400,0]},
    {"id":"MAT", "type":"PxrDisneyBsdfBxdfNode", "name":"Material", "location":[0,0]},
    {"id":"mapping", "type":"PxrManifold2DPatternNode", "name":"Mapping", "location":[-1000,0]},
    {"id":"mapping_frame", "type":"NodeFrame", "name":"Mapping Frame", "label":"Mapping", "children":["mapping"]},
    {"id":"sbsar_frame", "type":"NodeFrame", "name":"SBSAR_Frame", "label":"SBSAR", "children":[]}
  ],
  "properties":[
  ],
  "links":[
    {"from":"mapping", "to":"sbsar_tx_", "output":"result", "input":"manifold"},
    {"from":"sbsar_baseColor", "to":"MAT", "output":"resultRGB", "input":"baseColor"},
    {"from":"sbsar_metallic", "to":"MAT", "output":"resultR", "input":"metallic"},
    {"from":"sbsar_roughness", "to":"MAT", "output":"resultR", "input":"roughness"},
    {"from":"sbsar_normal", "to":"MAT", "output":"resultN", "input":"bumpNormal"},
    {"from":"MAT", "to":"OUT", "output":"Bxdf", "input":"Bxdf"}
  ]
}